{
  "products": [
    {
      "id": 1,
      "productName": "Leaf Rake",
      "productCode": "GDN-0011",
      "description": "Leaf rake with 48-inch wooden handle.",
      "releaseDate": "March 19, 2019",
      "price": 19.95,
      "isProductAddedToCart": false
    },
    {
      "id": 2,
      "productName": "Garden Cart",
      "productCode": "GDN-0023",
      "releaseDate": "March 18, 2019",
      "description": "15 gallon capacity rolling garden cart",
      "price": 32.99,
      "isProductAddedToCart": false
    },
    {
      "id": 5,
      "productName": "Hammer",
      "productCode": "TBX-0048",
      "releaseDate": "May 21, 2019",
      "description": "Curved claw steel hammer",
      "price": 8.9,
      "isProductAddedToCart": false
    },
    {
      "id": 8,
      "productName": "Saw",
      "productCode": "TBX-0022",
      "releaseDate": "May 15, 2019",
      "description": "15-inch steel blade hand saw",
      "price": 11.55,
      "isProductAddedToCart": false
    },
    {
      "id": 10,
      "productName": "Video Game Controller",
      "productCode": "GMG-0042",
      "releaseDate": "October 15, 2018",
      "description": "Standard two-button video game controller",
      "price": 35.95,
      "isProductAddedToCart": false
    }
  ]
}